,A,B,C,D
2000-01-01,1.2613708659940415,-1.3623696719155625,1.4347788018572103,-0.4033166293755114
2000-01-02,0.8619111939821194,-1.0256112071546468,1.1876533143569807,-1.9652611068017953
2000-01-03,0.10398576276235938,-1.371888108656785,2.0263152063470002,-2.890349782374752
2000-01-04,-0.28719025013796357,-3.4568703527073517,2.537792312691071,-3.4217624442501156
2000-01-05,1.28986313371373,-2.7984773162505494,2.007657989654436,-4.274148426741111
2000-01-06,2.1745507773957438,-3.082084288855528,3.2701601098626583,-3.358897215553973
2000-01-07,2.151892432589738,-2.768254145875686,2.556163659209283,-3.6303800058232976
2000-01-08,0.9072780466177375,-3.0685896011361726,3.2872970476988215,-3.1925425045672897
2000-01-09,1.2077154072761838,-2.5018976896573957,3.1556463360528504,-2.2693856700836195
2000-01-10,-0.3202223006847684,-2.1029637296895567,4.5747031100066415,-1.7856191678181508
2000-01-11,-0.933923285992127,-2.6760407719638946,4.080290326693099,-1.9840239422001498
2000-01-12,-0.9089780626041685,-4.032571572071596,5.8336110088351365,-0.7898336204965304
2000-01-13,-0.4845782264684478,-3.7410260861375813,5.810940496481828,-0.08445339007941077
2000-01-14,-1.5311996666531653,-2.81900085375766,5.644029713596036,-0.23536331201638094
2000-01-15,-0.20970530029822743,-1.2918801677825191,5.324228061612363,0.5229099348220858
2000-01-16,-0.347579626987501,-2.7292060850093014,6.600807336412623,-1.5516100190745217
2000-01-17,-0.5645884096797488,-2.9343498381870186,7.404013949997259,-1.6762837477249783
2000-01-18,-0.9218627173331476,-3.036456547365198,7.931936771772507,-0.6620101419051025
2000-01-19,-0.6304600351531311,-3.711462340969106,8.172673207431085,-2.8889971443937075
2000-01-20,-2.1231183471986013,-3.945547821889505,7.524455021553776,-2.2072421853318014
2000-01-21,-1.674232629580203,-1.6679854129297729,9.276407053391374,-3.0262990746780574
2000-01-22,-4.378583518352807,-2.2584848086176175,11.016284888986078,-2.305905723450359
2000-01-23,-5.310664521039627,0.11280439176948498,11.054884862507839,-1.8011465556019073
2000-01-24,-5.105895461493522,2.153564173493529,11.104761564622647,-2.1768721690039197
2000-01-25,-4.449804446861515,2.5108564643607214,10.61805666965517,-2.1150758028229797
2000-01-26,-3.963718467211027,2.809241814495229,10.9467399247534,-2.1227329684799363
2000-01-27,-4.0790502021448,3.6978678341868463,10.469692670686804,-3.1546483965849283
2000-01-28,-5.035532070608255,4.25942920564362,10.79166319326075,-2.362627281888503
2000-01-29,-5.310912799758932,3.4430296884183345,12.323629419749796,-2.817722812194096
2000-01-30,-2.885995342303441,3.09786708603967,13.200272551647956,-2.328038348154453
2000-01-31,-3.578308190237411,2.2108760147731537,12.911951891259902,-2.8735405133473093
2000-02-01,-4.953078268500488,3.3828281398512585,13.528243329041036,-4.419060587654172
2000-02-02,-6.314806464478359,4.6555153574784764,13.987837713469254,-3.7839071906074526
2000-02-03,-7.115486547557584,4.620053875076863,13.388321482965809,-3.9734395629941526
2000-02-04,-7.213728466520929,5.644931902211619,14.871512886942595,-5.610968895689874
2000-02-05,-7.257979506451954,6.924630355754482,17.684364768812685,-4.719237412552259
2000-02-06,-6.961825245037747,6.6846338219216594,15.397769729417616,-5.856811670502662
2000-02-07,-6.567516884269677,6.749441381493546,13.836212791187238,-6.39762529372776
2000-02-08,-6.362894368021499,5.965954995852764,13.168369881851257,-6.497108529353797
2000-02-09,-8.163149221017948,6.688932659879598,13.022645017775641,-6.3152747314944575
2000-02-10,-7.057895994244283,5.039128304015149,12.413166445506214,-3.517067657853987
2000-02-11,-5.150685707311179,6.592701608931616,13.317668946974507,-3.6596949445835327
2000-02-12,-3.9062137786203905,8.012931495824212,13.177746720681395,-4.486240513699366
2000-02-13,-3.3971172243131575,7.65438195784829,12.723157473553789,-5.70554085547396
2000-02-14,-2.8301818225295508,7.537967215063692,13.826817146737975,-5.402563377610743
2000-02-15,-2.5439020325870287,9.179922420683264,13.10310962575112,-5.908526240429417
2000-02-16,-2.4167630527900776,11.093146234677935,14.49705497242422,-4.987994383538745
2000-02-17,-2.0291788884338433,12.661715698262498,16.47112225860818,-4.167126401419004
2000-02-18,-2.3750669358471455,10.80817801545658,16.33793231315367,-3.9166328507370833
2000-02-19,-3.346507876300209,11.836555466588512,15.802633745239392,-3.606123597023987
2000-02-20,-5.268864412910391,12.482431996622624,14.525530748133821,-4.064929890392789
2000-02-21,-3.499625812719949,12.211601360400723,15.373788695673051,-3.7578694246512274
2000-02-22,-2.933947907945501,12.493202920663395,15.907696635829552,-4.109320955017948
2000-02-23,-2.8324342932220214,14.781969033494779,16.053556398185194,-2.835022786222413
2000-02-24,-2.1964749785185242,14.764816599715717,15.421935057347955,-3.9006860164599386
2000-02-25,-4.81008536277605,14.286845623169857,15.117361265021511,-3.4340816423181155
2000-02-26,-5.249353062080196,14.354298361321236,15.144815199567896,-3.1058589381445376
2000-02-27,-7.532971952204262,15.551919023080272,13.973023655737407,-3.3362842766763494
2000-02-28,-7.034026719154532,16.677380165860416,13.421562604083352,-3.191137616941859
2000-02-29,-7.029667210581949,15.22964979139302,14.588356989925055,-2.3048822098715944
2000-03-01,-9.09177317954729,15.055518587048022,14.332307482688392,-1.954064765865743
2000-03-02,-7.8979708577068175,15.96534158254243,17.233047536027584,-0.31376135298277297
2000-03-03,-7.002704565634466,16.030521643868244,17.221568098665657,-1.261419910862592
2000-03-04,-6.644602601558183,17.02155309877167,19.30840844545896,-1.1106811900140359
2000-03-05,-7.047209271154615,17.04013769443072,20.779719153205722,0.3624058621742441
2000-03-06,-6.776201868062791,17.251279489779154,20.1028029557111,0.4655824310702506
2000-03-07,-7.899808273023173,16.796766023608665,19.85261224898763,2.0042496924682394
2000-03-08,-8.447359338697243,18.043851510417014,19.478399296920653,4.15315618745567
2000-03-09,-6.668720963509277,19.537294037200724,21.058720528001025,4.6486430974433075
2000-03-10,-5.3043974686897695,20.52588247380683,19.75156305020879,3.6413069838489713
2000-03-11,-5.6027677644525795,22.283802140822164,19.1915747142441,2.0108850974841994
2000-03-12,-4.413908771975459,21.982687965594128,20.33196291688095,1.9035694588867003
2000-03-13,-5.014069038219771,23.12551317405735,20.504656848811734,-0.39271857763533236
2000-03-14,-6.007691980162524,22.094303927443313,20.563167128629505,-1.608459808567018
2000-03-15,-6.158077477751101,23.445177976412936,19.01135059511688,-0.31846192159297515
2000-03-16,-6.963713649026447,23.136322556916074,20.297718301887638,-0.8386178176465687
2000-03-17,-8.248504389641765,22.041441175929886,21.02625165004386,-2.1047055753435147
2000-03-18,-7.463035453594095,23.03089001178931,21.605924557626945,-3.1154796953084096
2000-03-19,-7.038885988105745,23.82979958207248,21.3860155768971,-3.442183657753786
2000-03-20,-7.40864932553134,22.68197723550895,20.217670776726788,-2.9390833886328034
2000-03-21,-7.708986897365552,22.638660250234008,19.944075276050814,-4.08870330075189
2000-03-22,-6.9514973218109875,21.77642502755302,21.729253321754655,-4.213382738006241
2000-03-23,-7.91731031660371,21.98939282346188,22.505953044551127,-3.181091158278061
2000-03-24,-7.323260449848576,21.806387759294925,23.850257312454197,-4.510394325294245
2000-03-25,-7.392038195414306,19.60855977131696,23.81047643170074,-5.213594077769821
2000-03-26,-8.895500171863885,19.29056819919232,24.52092677393067,-4.114243882585347
2000-03-27,-9.59776112982971,20.219431758041882,24.455027340292954,-4.564974990821966
2000-03-28,-9.469796345479073,20.51495935965667,25.736117923143542,-5.797950381028986
2000-03-29,-9.296574966362076,20.60397306384634,26.301278526529188,-4.149271489703024
2000-03-30,-6.188202489610999,20.44948802505797,27.50607860676206,-2.8263762971996638
2000-03-31,-5.415981250225987,20.39579386965188,27.26851956173449,-1.908948591709571
2000-04-01,-6.0759328795305665,19.883137009369353,26.79239824657999,-1.4543067630131539
2000-04-02,-5.863224398171885,19.9757099405858,26.068086318860836,-1.992916383013629
2000-04-03,-5.347319979449228,19.754092411599395,26.005282797714543,-1.7054092796235425
2000-04-04,-4.6579669923029305,19.32408432478746,25.75467394896655,-2.4803827453448624
2000-04-05,-4.897044753777025,17.698315722595634,24.916006954940592,0.4635504044397587
2000-04-06,-5.071904966162165,18.245425535612366,22.79174626201011,1.51075856330157
2000-04-07,-5.251748193562909,16.835186100257868,23.148998248330827,-0.26335517077092296
2000-04-08,-4.809224550166174,16.758743148115457,23.10624351409149,-0.995625993771292
2000-04-09,-4.423011018261751,18.143280180767775,20.93617163650926,-2.802611503452082
2000-04-10,-3.550299739727734,16.816106650111493,19.050812851433676,-2.4025406264089857
2000-04-11,-3.2530392909098027,17.611129307809843,19.389800143458324,-2.9016006137821315
2000-04-12,-1.8950026417958028,16.712767577992153,19.167915110817777,-3.028485824633606
2000-04-13,-0.6485466404780469,17.41584016345709,18.261145858318713,-1.903621961471089
2000-04-14,0.698603071241257,17.3412895734118,18.12943785906859,-0.8296843888610221
2000-04-15,0.37554338739219506,18.590170887586456,18.06537895227436,-0.787723461922481
2000-04-16,0.04912768207138324,18.782143404530498,17.034979754927257,-1.9352097398650803
2000-04-17,0.3219799795579731,18.491451053204376,16.341762124363076,-2.620307964602973
2000-04-18,0.1984600673586377,17.688031654391562,17.203702854484025,-2.477171378756793
2000-04-19,-1.7962615125889358,18.99494853801267,16.73105526028407,-1.4967588470156863
2000-04-20,-1.4456737371617467,21.17484956571943,15.365127511022049,-1.0719063969679508
2000-04-21,0.9572751395442818,20.4692643485853,16.67218813133285,-0.4452058442652955
2000-04-22,-0.22952733673323822,18.896166647495715,16.37514178272005,0.2545419843898552
2000-04-23,0.6432560643490087,18.381278075864888,17.64137469134367,-0.37453272922529024
2000-04-24,1.1654103001089602,18.99626778819841,18.265975132678662,0.646368331157162
2000-04-25,2.163864731492235,20.07992437293624,16.60607381660769,1.9442652987582594
2000-04-26,2.4069014742857413,19.390405119477936,17.592747234826767,1.992275050352614
2000-04-27,1.6238403006308575,19.181444555248774,17.22724679739596,2.2832455653935178
2000-04-28,-0.42658892656770897,20.33893003987495,16.490295360631098,2.3643659501473335
2000-04-29,-1.1101147028742342,20.364433254256724,16.531358044453334,2.371013343232149
2000-04-30,-0.4631061876759853,20.824152641103467,17.07084689024003,4.6959593649000055
2000-05-01,0.4889750994135511,21.83184482870706,18.59803842463239,5.99086862906362
2000-05-02,1.6812674018320217,21.497957901090697,19.51681550673756,6.225679736317422
2000-05-03,1.8363314710789194,21.61609199875744,21.09064819912966,6.206516544336638
2000-05-04,1.219678369270428,23.297334412584068,21.20897853866982,6.667100141630266
2000-05-05,0.7261320991204049,22.712350242030368,20.36495892619774,6.674681918222715
2000-05-06,0.8490703244051402,22.744762550662653,19.65580999508769,5.277734203131866
2000-05-07,2.8113698807571335,22.74916379153587,18.28283594828547,4.541199350962714
2000-05-08,2.849150589549417,23.193510464403676,17.93689058647587,5.897105489429091
2000-05-09,2.804922209807969,23.7987431581535,17.901037824960667,5.653383829764092
2000-05-10,3.0718327068927977,24.56743259953207,16.670406969978444,5.048702309100935
2000-05-11,3.253247688410425,25.83384609378053,16.980330095319502,5.339299872879341
2000-05-12,3.0562719621222034,26.472427024855012,16.568682806824896,5.117111138357668
2000-05-13,3.27004868831557,26.527787872409707,17.572857770336455,4.827365081829549
2000-05-14,3.1259515432589855,25.580081444023126,17.02626189145084,4.950288024260937
2000-05-15,2.3927304767401694,26.11843207736986,16.86147569476849,6.096566133239257
2000-05-16,3.4017823030602043,25.79904425333856,17.393132747665216,6.681192733833341
2000-05-17,1.480076563344098,25.12304076176055,17.58380003582348,7.3624786293474145
2000-05-18,0.7671352205156575,24.91130827365595,15.260407190076569,5.377664766999185
2000-05-19,1.1426341822382022,26.075421544196075,16.92391651499396,5.413157725656511
2000-05-20,0.9385485433562274,23.650922393090823,16.041790593002624,4.54091973184052
2000-05-21,0.6786488631289842,25.48617452033317,16.342001299376353,3.5005203175458997
2000-05-22,0.5456970896136051,24.961179219856202,16.466952299504975,4.805914561456516
2000-05-23,1.411678974954944,23.27723260105997,14.683354225933291,3.2046436450284244
2000-05-24,2.8829212758869907,23.782088983799248,13.808777120351198,3.1602993587123382
2000-05-25,2.2184898605913848,23.634461353555277,14.611829814963471,2.693884364478461
2000-05-26,1.8880373478941443,24.68519680625603,16.125513745472407,3.8488177707016193
2000-05-27,1.0030446050248445,24.417405987088795,16.863725775742992,3.4717656860973354
2000-05-28,0.5418187005780937,24.887603075276367,17.490437203856782,3.6805136826565445
2000-05-29,0.17596309768082768,24.851267202030083,17.9990431427054,3.2804653823062218
2000-05-30,0.22987901633546728,25.42378613978584,16.56591425600749,1.287223015606897
2000-05-31,-0.9953788662939257,26.86491939532254,18.117319701916898,0.3119879977387743
2000-06-01,-0.41625482667952185,27.97456382003414,16.61821810523777,2.7532065170176283
2000-06-02,1.3473016035242242,29.239635493388807,16.475332050520393,3.9512419265299368
2000-06-03,1.3175224142089015,28.951581696248862,15.791548649230318,2.6075411764571195
2000-06-04,1.7234529683823814,29.747570891824765,16.38475703908662,1.904200600995988
2000-06-05,0.6177861203557973,29.835738280609345,16.43085418969949,3.6820251150147945
2000-06-06,0.753166448930279,29.58582468372393,16.15956984658286,3.623799727158396
2000-06-07,1.134369523296319,30.651392943482087,15.392581781393204,2.3140233999595496
2000-06-08,1.8885642028428773,31.2309211072233,16.496234291274455,0.8351488961334828
2000-06-09,2.595901106074276,31.34189778880898,15.907446152626592,0.5425623445531882
2000-06-10,2.387304077612009,30.849522549924767,16.98620948565973,2.792791472182767
2000-06-11,1.257733584291081,30.972649439379556,16.943913070231652,3.673073979993839
2000-06-12,0.9356458648961693,29.72914917310374,15.282738403889713,3.3423650965571485
2000-06-13,1.1960236075141668,30.338741347601516,14.665584120870319,4.0046497015455165
2000-06-14,3.3740195694482487,32.07339326186709,14.424655314844394,3.9004592346225895
2000-06-15,2.7585094090334557,33.61667156458998,13.87630395730286,3.0944325672204056
2000-06-16,1.998306670029858,33.05253683239341,14.738538714874675,2.4656668351299604
2000-06-17,1.4549532943091465,33.3403956618441,15.85035559082156,3.8757777092149244
2000-06-18,0.4888643165274221,32.15736281729672,15.83655851363478,3.2570867227028537
2000-06-19,0.8121354330066556,31.462379301905862,15.315060776774665,4.572194073618541
2000-06-20,2.4458234778772696,30.268046564233945,15.135403135317537,3.6718935129468884
2000-06-21,2.1506935004944054,29.218467830992346,15.559449662369772,2.959510576505543
2000-06-22,2.247793619976705,31.69326225159362,15.046886796284072,2.7829684170128703
2000-06-23,2.5071921919993496,31.174870401415202,15.179366497220549,2.856929632123553
2000-06-24,2.3088647308637085,30.319129612143463,16.879011373752746,4.154319312332402
2000-06-25,1.9393116554931806,30.579418466936556,18.106728062695087,4.183623026453401
2000-06-26,1.9083174148782818,31.21357179044449,15.778913756493408,2.132181590143744
2000-06-27,2.692922402820503,30.688993547329417,14.554816986736483,1.3801068832473171
2000-06-28,2.702175613479164,31.301327866242367,14.009673248407637,1.4164098704706698
2000-06-29,3.0471150681574852,30.96789538238508,15.206819716531873,0.7920746960176372
2000-06-30,2.6803797772419604,31.040577929282957,15.89149688524409,-0.47615090488461553
2000-07-01,3.2392584062781555,31.123063130882816,16.613077318377673,0.7426759176759132
2000-07-02,2.053188547698557,31.189241729474823,15.320986494287245,1.220242403127591
2000-07-03,3.024123958723253,31.085924648099553,13.997828891755837,0.29247147254694206
2000-07-04,3.5023505117512705,31.218493224237143,14.95507625840205,0.38654031954001233
2000-07-05,3.2836821150153983,31.699431739855115,15.629682535635824,1.3184187823314257
2000-07-06,2.7453902152572347,30.534355128480602,15.655663720462455,0.08493254736399103
2000-07-07,2.2361387303831926,29.446220109627546,16.199518475733697,0.14023425450644772
2000-07-08,2.608804641993565,29.368314557789198,16.860692835322762,0.5070426225775222
2000-07-09,1.6213460387229777,29.606393143167416,16.117498757305924,1.2331444236015145
2000-07-10,1.953008357092508,28.459191812661995,16.371355278158745,1.8989626696254343
2000-07-11,1.8542424019355892,27.813788984869017,18.144407115766974,0.9498132694740037
2000-07-12,1.9778529842780161,27.63523906643828,18.55700657753852,0.23499621172443297
2000-07-13,3.5571579102317625,27.861562480096158,19.777147949518426,-0.09016353894997048
2000-07-14,2.558113817199046,27.835868336570663,20.340616812766704,-1.473558887855228
2000-07-15,3.8710129544111678,27.456923792757923,22.924589546748717,-1.2746772283443395
2000-07-16,5.793249590912543,27.04530964867633,22.65826027755542,-1.50589573118561
2000-07-17,7.76819034426795,27.41752900281572,24.016493058654056,-0.04419161152801432
2000-07-18,9.31571266022761,28.073114172729362,25.68164200621712,0.3575250015698383
2000-07-19,10.469486790761438,27.692959390567857,24.816608149919666,-0.3030273250540821
2000-07-20,8.91842402636586,26.88222498664613,23.22370685538698,1.1920617966946134
2000-07-21,9.684259723958377,26.871968011440458,23.930391225252777,1.5548948642274314
2000-07-22,10.459890266504487,26.836251886539564,24.282186607976126,2.056307334625182
2000-07-23,10.676150391754181,26.753005585728673,25.49619861141734,1.7818226988972161
2000-07-24,11.042248923956413,26.49231930351577,24.635770794698285,2.5926302641486503
2000-07-25,13.062600925185897,26.006482409970268,25.805031760128905,1.4986500735548764
2000-07-26,11.620929067328987,26.695870940658303,24.83171245485383,1.3486188829565935
2000-07-27,10.58495876114314,27.608396435705124,24.34569234376535,2.2148026552162716
2000-07-28,10.986709280403065,27.69933697515457,25.31852290183707,3.2181276249675097
2000-07-29,9.453372671933426,28.480974388629058,25.017350883502516,3.961705879987292
2000-07-30,10.858984738724569,28.580394465496585,26.03600378193645,4.6047352917012745
2000-07-31,11.128896629626338,29.708683935381536,27.784172072667694,3.4577468006590424
2000-08-01,11.571033066063872,29.243308718812713,26.996919019880302,3.083449848985201
2000-08-02,10.63638546824847,29.611346840839218,25.973752016794556,3.0466358937273847
2000-08-03,10.529477891846621,30.303179373219812,26.69833905924795,2.6733600783249667
2000-08-04,12.081861384553973,31.569208890822672,25.613457448932134,3.4244272774746833
2000-08-05,12.766506087307356,31.04477744409461,24.70392788718466,3.9680533178552047
2000-08-06,12.48450664023584,30.852382378465634,24.74749799068429,4.204780427917387
2000-08-07,11.932093064636316,30.129174089464914,24.56742280431768,5.458024178669624
2000-08-08,10.533618632334768,30.48883953869101,24.510714117577102,4.968269928489482
2000-08-09,9.404723052595005,31.55299770769368,23.225659253551584,5.403104326632913
2000-08-10,9.964763959500905,33.02506644584397,22.90433430782178,3.949998006980127
2000-08-11,9.148573929176099,31.73144685385577,23.852326838513207,3.326413202000434
2000-08-12,10.2587947793002,31.966578892717425,23.177062416926113,3.490776149586243
2000-08-13,10.995019984695691,32.81211954249611,22.81090852894454,4.744998657687206
2000-08-14,9.492312233179222,32.94082231961949,21.83517755212082,4.547546155456148
2000-08-15,10.451030849469436,31.691155055725456,21.365334654104753,5.624449622214885
2000-08-16,10.772138690577009,33.44624217824979,21.74729718717552,6.220671471237756
2000-08-17,9.480524418473514,33.68342349411045,22.879480590820766,6.4094035918622945
2000-08-18,10.161466358961968,33.00145241522123,24.190756198308623,7.8232841406839215
2000-08-19,8.844804669238144,33.22398597615876,24.073836744611988,6.834609701788436
2000-08-20,8.75270045420134,33.215349966317746,24.924939653856473,7.15593262377416
2000-08-21,10.266541912256493,33.19954691870101,26.057435283948855,5.9646898609482255
2000-08-22,8.525550082420228,33.167007978230686,27.295903662850552,3.690276069236163
2000-08-23,9.790105392252746,31.102985782155475,27.782063388755706,4.4790201535383485
2000-08-24,11.04183907327283,29.936956488487677,27.36901042801423,5.5623099855441245
2000-08-25,11.599878977674855,29.005150043016016,29.054017841018148,5.1794218762343
2000-08-26,12.251009001626464,29.07095549478882,27.350467490703576,4.759833478779123
2000-08-27,12.199616667047273,29.651283958223875,28.098472093846873,4.492720670868924
2000-08-28,12.703705637166482,29.271321124085002,28.25979409799713,5.54983054222742
2000-08-29,12.540060385075986,29.539366773714725,26.283740337597987,7.214497110888934
2000-08-30,11.911222463756419,31.14356855589859,25.92742477027133,5.818263996813064
2000-08-31,11.372814576684666,32.80745091268074,26.03227081402789,4.84776021680991
2000-09-01,12.401551485281354,33.743944759989084,26.192758958170877,4.081246355889995
2000-09-02,13.415428122931793,34.10569797403523,27.273667136302382,5.7411536057481625
2000-09-03,12.724591266035203,34.08218817087479,26.53520151474483,6.393324708677193
2000-09-04,12.948616255636217,34.34777478302141,26.83671687164989,6.5026899296304395
2000-09-05,14.754188998294296,35.597764016923236,25.852245839314243,6.8437652200816155
2000-09-06,13.8390543974066,34.80342029917949,25.797706512880534,5.794212468038506
2000-09-07,13.828255928902465,34.16394511934697,26.482753753875638,6.172632268399913
2000-09-08,14.63570637528312,33.84861857568547,26.63372334649423,6.580862548659234
2000-09-09,15.056542060501705,34.788533826887615,28.71496022613361,5.160198304588654
2000-09-10,14.489259504981243,35.16628019740423,29.80894695058024,4.6020971567884645
2000-09-11,13.299265195977402,35.98756107269408,30.848825536718664,3.895346649846443
2000-09-12,13.798282455266602,35.956499146114396,30.94457427314039,2.968094703393372
2000-09-13,15.656414091991826,35.34237825922467,29.37218521779449,2.8699857875714345
2000-09-14,15.538876392396146,34.68449262990035,30.063053643652086,3.2488676137747268
2000-09-15,15.854286275242062,32.397449447036244,29.09217764694357,3.5629078730009023
2000-09-16,16.566638461002505,32.18465755380843,29.426862042973404,3.796243912188074
2000-09-17,17.335654721480356,31.37265462610823,29.411827818853485,2.931456930737256
2000-09-18,16.363139461987263,31.816454611294837,30.281497970574343,4.973454695405394
2000-09-19,17.688745581733553,31.067451892095054,29.908588310196762,6.86811138797544
2000-09-20,18.682041588535736,29.304277610134424,29.980518551836223,7.392405111899856
2000-09-21,17.570289340110506,30.003558323872237,31.61282998788892,8.659922332671275
2000-09-22,17.486394720697454,30.93715280747632,33.05169887702345,7.6216131827541895
2000-09-23,16.40277267357182,30.70849537589759,32.195720326545874,8.473784629971174
2000-09-24,16.163143594939932,31.557571097004264,30.25110878390275,9.17919647062659
2000-09-25,15.491530773323763,32.379825608799685,29.03127465770368,8.15052660949524
2000-09-26,14.708250806123607,33.289441878092646,29.234016607485117,8.314236639698894
2000-09-27,14.00419244922731,33.544604007126374,29.97512004513104,7.577453497056563
2000-09-28,14.223113755603963,34.34223686644913,30.27510522402522,6.393293074344755
2000-09-29,14.623821221389708,34.058026068580084,31.50611342393815,6.384595506504228
2000-09-30,14.200230279269318,34.00522356246294,30.047514699884683,6.872487147290017
2000-10-01,13.800133355169834,34.901659380607335,31.196941933877767,6.6028740048643195
2000-10-02,14.302334415159958,34.57270102698988,31.459272192724757,5.120458603627741
2000-10-03,13.780120402212996,34.507376282116084,31.497902979964095,5.006728990159049
2000-10-04,14.963537922472174,35.18113731886364,31.97918440559973,3.7398636538658536
2000-10-05,13.611045526747732,33.83800811825718,32.52802782822588,5.458933059450543
2000-10-06,13.699505871455218,33.54240510470668,31.706524286079716,4.324139377558197
2000-10-07,12.800454884305383,33.20840125051015,31.82249178291889,3.799835630376696
2000-10-08,11.791625777209788,32.7206156096978,32.80440421229892,3.0551634766750095
2000-10-09,12.161355566050508,33.44804532562692,33.98074606934568,2.8459450725421416
2000-10-10,12.924257385990252,33.65950958930057,34.227815658777644,3.318891775219125
2000-10-11,11.748286272836143,34.919680681405474,35.077984550786326,3.6099079578290922
2000-10-12,11.678037847169694,35.70232681058088,36.18260761881943,4.234265442655657
2000-10-13,12.14398177401816,34.931615215564534,35.335397652747936,5.0452089263734035
2000-10-14,12.561062338566844,34.368274952930186,34.966677773242,6.3079691340907
2000-10-15,11.477296018885873,36.1570507907953,36.53038987249743,7.507452972345062
2000-10-16,12.39626930004105,34.61924029181512,38.036973009895185,7.702831374404143
2000-10-17,12.92024747237858,34.94380505823759,35.48563431386401,7.653305020144992
2000-10-18,12.829765022114907,33.39036257013043,35.44905254174417,9.168547825203678
2000-10-19,11.922216595712463,32.84322942688985,35.599069495302814,9.732424634195041
2000-10-20,11.924383144593907,31.865987187404883,34.82809034592868,9.35118560003419
2000-10-21,13.239180552416867,32.35265092385451,33.82755707293672,8.927486820066475
2000-10-22,13.865765003938954,34.05694443589026,32.59148299328223,9.120889391119098
2000-10-23,11.953302309257923,33.28172191122582,33.118346740148034,8.09265040349198
2000-10-24,12.519065873830453,34.19859698227512,33.33631419752325,9.167913565145437
2000-10-25,12.814606235097454,34.23869625333783,32.6385528490123,8.512080706147607
2000-10-26,12.150474982766795,33.04757935205812,31.7275535464207,10.783507150566631
2000-10-27,10.254335509957947,33.01166982816751,32.72630015410868,9.95981739086167
2000-10-28,9.506354190495667,33.009216858099165,33.754958719526165,7.796453477030116
2000-10-29,9.285458013913884,32.85178587166685,32.7234471153257,6.815885110079708
2000-10-30,9.746401117754594,33.00983092443166,33.55036296979717,8.787325405673853
2000-10-31,9.663065017711899,33.34217461039952,35.03319983519253,7.640380734454913
2000-11-01,10.51783831924512,33.34807051187911,34.31834429476497,7.323308452494589
2000-11-02,9.966785026536947,33.399365425731,34.0835884945906,5.565983706062105
2000-11-03,8.240354295449945,32.94307905435411,32.942524632357625,6.878095806600822
2000-11-04,8.31819753779854,34.4755645558106,32.93017716818322,4.8302516798844835
2000-11-05,9.702958877038652,34.47615131197038,33.76742552277587,5.98273801443307
2000-11-06,10.44408872968563,34.4590694938404,33.5705023521792,8.890339301302632
2000-11-07,11.201422889187437,33.4006496341535,32.84751950883826,9.86037378909464
2000-11-08,12.707877930040492,32.99249253047874,33.26165104617714,7.943697847860844
2000-11-09,12.520749433273897,32.67778021957378,34.318532099342455,7.85233054483601
2000-11-10,11.173440481942192,32.64166779915403,34.661726390573904,7.739658096325912
2000-11-11,9.202582103938575,31.79463745418346,34.913539439273976,6.329639604878396
2000-11-12,8.802056102135179,32.10486039997962,33.935598128583365,6.555265228623535
2000-11-13,10.907965921163587,30.81101232377435,34.88311618609672,5.599317086105842
2000-11-14,12.017225911422178,31.91699616119084,35.203291395257104,4.060781993381346
2000-11-15,11.737528186919597,32.30457966616307,35.163692519224824,4.728115932371391
2000-11-16,11.808882829953554,33.48166098119542,34.5114409222649,5.6950324255561355
2000-11-17,11.564311481371428,34.304862228882165,33.637211228218,6.058928925389504
2000-11-18,12.417580788642047,36.38910622215066,34.13769426260089,7.187235735091415
2000-11-19,12.78557170335977,37.16305520161094,34.15613697069672,7.272488531138208
2000-11-20,13.694444484524988,38.37411340894447,34.0725683876576,7.583173820148575
2000-11-21,13.268689380857486,37.50575009659063,33.174728772381094,8.309037894923755
2000-11-22,11.783695450858776,37.93777280244123,33.20044274750351,8.828770470430147
2000-11-23,11.56038597366915,37.86441576191884,32.62698446959773,8.24771710088582
2000-11-24,11.72404096957524,38.150158611047225,32.49782931239133,8.99158024666985
2000-11-25,12.59039262888026,38.52779442092741,31.805606741651268,7.0924640140439275
2000-11-26,12.93456978115999,39.9724157563083,33.20583109544873,7.808181212116259
2000-11-27,12.373727861228291,37.90876134501204,32.841258079117246,8.05627516660535
2000-11-28,12.976188350016997,35.268437650877516,32.631028376856015,8.347100000891697
2000-11-29,15.130377537122355,33.613445476301656,33.699808903772436,8.426203044990022
2000-11-30,15.144614299905925,32.016163905957626,32.03822056262908,6.146137651426903
2000-12-01,14.160025047605934,30.497110884273884,30.73583038802507,5.309683902010956
2000-12-02,12.172812044491168,29.758254368163804,30.8695407917782,5.6116823267042495
2000-12-03,13.671506549099378,29.760701128223424,29.805850940516205,4.119127617401899
2000-12-04,14.456874189090126,29.016091340162,29.88957422884883,3.9473446051105254
2000-12-05,14.212298469621542,29.222678908921118,28.38420860799863,5.143495495779317
2000-12-06,14.163827650300275,28.61554817050051,26.90619239150249,5.706865194603126
2000-12-07,14.059056632771757,28.775779766974114,25.645318417243708,4.902616298998134
2000-12-08,13.761290807048844,28.3458514446932,25.43726079324396,4.122040147961792
2000-12-09,13.94844791871482,27.809110388127376,25.520874797645767,3.833418784840926
2000-12-10,13.765380181141941,27.706278652877277,24.247279220406664,3.5044027622962823
2000-12-11,14.73544974059868,28.04342057775076,23.25834889767271,2.3584692919275883
2000-12-12,16.587032189792307,27.627660155140756,22.971984984214036,3.6721909185845782
2000-12-13,15.41007676808208,27.751854991429017,23.966724758392974,5.852621430232887
2000-12-14,13.746234689805961,27.63351491830196,24.36942175888882,5.55323583057956
2000-12-15,14.111726692484998,26.65457347676999,24.735566794800214,5.959147819796829
2000-12-16,13.534506110335665,26.092214937671717,25.207451107486715,4.703046013375239
2000-12-17,12.679596612813025,25.480402726717486,25.18558722344769,5.514609837065817
2000-12-18,14.795525596779935,25.596037781497802,26.304009519959795,5.6699657309705165
2000-12-19,13.194807774441049,25.00680251408469,25.351140871165086,6.269576419089366
2000-12-20,15.767074304366377,25.387265125717175,24.9508557051792,7.110519973073361
2000-12-21,14.341961801451145,27.13205427825186,24.54584880848411,4.618138178989263
2000-12-22,12.104354961769122,27.18494266966709,23.747717972996227,4.50035406120995
2000-12-23,13.174860650698857,25.36107432300305,24.36692797674469,2.1813867155176747
2000-12-24,12.58163979247105,23.558442745105452,25.81359373991907,1.4484205222040671
2000-12-25,14.328896021102725,22.985084737488634,25.93893461829158,1.8707738792103996
2000-12-26,13.604399880621758,23.20825621688697,27.046549013690022,1.9761331898332606
2000-12-27,12.375345735292738,23.028990528517113,27.61168627941238,1.1245913246587362
2000-12-28,12.856571753739772,23.774249023728746,27.026668131234583,0.6307569562799438
2000-12-29,12.137836302376549,23.022698170013793,26.94821484306131,0.04826319873118823
2000-12-30,12.772013443110858,22.11077988819354,27.243280805556598,0.7703706705183819
2000-12-31,11.058771244312663,21.89285707742856,28.577480638088428,-0.8253797278466866
2001-01-01,11.607533385770147,21.926248967498307,27.356771991500676,1.8832223664609826
2001-01-02,10.282363579717982,22.360979176815295,29.086750046708254,0.9047572173040839
2001-01-03,10.564066047964698,22.33787957287997,28.637958493715843,-0.1308368170230374
2001-01-04,10.295096782305869,22.018380242009236,29.625902910385815,-0.970602082968966
2001-01-05,9.996523318137482,23.3396209477176,26.62336712456622,-1.154760477581986
2001-01-06,10.137065588699096,22.67198962136578,25.815600451666487,-2.547953539706123
2001-01-07,10.391171633786604,24.607918355189536,26.700213587602207,-3.9929262097701717
2001-01-08,11.18609684513609,24.012815565885063,25.68116112048186,-2.5995207472245454
2001-01-09,11.673078428540197,23.88324066475415,26.163922208349394,-2.543989182210341
2001-01-10,11.560643402565905,22.44583607288787,24.78654568045224,-2.448374707825825
2001-01-11,11.584143024840046,20.761309174549936,24.50669675699739,-2.3387397186972985
2001-01-12,10.989781836639581,21.613755541933543,24.735712292847218,-2.790038096028725
2001-01-13,12.979563663548731,21.94208175175674,25.443511212475613,-3.6495359486130674
2001-01-14,12.791274605214586,20.134201106575475,24.659910363206617,-3.0502702282135545
2001-01-15,13.05594657829461,20.638393080259192,24.71056943502483,-1.361059738925354
2001-01-16,12.55692837166729,20.999350887986555,23.196876620138116,-2.9639911238974856
2001-01-17,12.916917415526777,19.179117812327227,21.599626089949815,-3.848154837398332
2001-01-18,11.775302832884677,18.506237163061975,20.869476346829718,-3.479602710882147
2001-01-19,12.625741797005745,19.229367237995294,21.738288583708105,-4.934349808230699
2001-01-20,13.170410564684207,19.58155580062418,21.616419720951072,-6.222414885971301
2001-01-21,12.491499871019798,19.74086453025719,21.575236921378522,-5.800027849019113
2001-01-22,12.007048320525223,19.978514588772445,21.7393054881118,-5.452194155680393
2001-01-23,11.926695696451754,18.91121677917482,21.565339926040746,-6.2093160450905645
2001-01-24,11.229588230806753,18.48373064710874,22.911705090057144,-8.075485128463832
2001-01-25,11.941738017694176,18.27387488667111,23.051502750733494,-9.873008682970866
2001-01-26,11.46541977558084,18.14365670158729,23.531704032038203,-11.934282768717406
2001-01-27,9.953524880329928,17.832825362946256,24.135547959269342,-11.352864141744945
2001-01-28,8.80654566804829,18.883097665389514,22.74089439780186,-10.544480133375124
2001-01-29,8.563027405759488,19.63348105228927,21.206604885337374,-10.417394223162706
2001-01-30,9.434645527254508,18.715146369248945,20.919213385411737,-8.70727320546527
2001-01-31,8.430388370021857,18.062827444393175,18.881858000804982,-8.914907590548399
2001-02-01,7.076636320865606,17.203637436096763,18.752717555906866,-7.82925436297601
2001-02-02,6.969292001100961,17.301043824146113,20.04348301023323,-7.005414882017134
2001-02-03,6.348737360363006,17.67018878826122,19.359299410691992,-7.50974691664829
2001-02-04,7.503861146050697,18.246934083236248,18.48751128333548,-6.53727237812136
2001-02-05,7.0720679690195505,18.508641111071757,19.42802262459322,-5.897063847766351
2001-02-06,7.574194462931698,18.035525255321307,19.409813365303474,-3.252994675243887
2001-02-07,8.42972994951171,16.05340602868327,18.02429981393482,-1.921685276902354
2001-02-08,7.074666991616233,16.52378310202649,19.720757877100663,0.5741280134812166
2001-02-09,8.18698024534567,16.98860263300004,19.632283116192205,-0.2824352725032111
2001-02-10,8.187441238315717,18.538091872711746,19.864304708844543,-0.9256555362649869
2001-02-11,6.471618980083492,20.176514148348907,20.22419432180876,-0.9349132150849961
2001-02-12,6.295170777084422,22.3573454261897,20.9062395579235,-1.4618038478111082
2001-02-13,7.204928990033295,25.24585859910547,20.355547414376296,-1.4884727728321494
2001-02-14,7.756413258009725,25.349538048700445,21.52350152494819,-2.977536652744779
2001-02-15,6.839053232195734,24.663264775914733,21.703480940079935,-2.5594729990283542
2001-02-16,5.825105910186644,24.35247689217787,19.13624890773733,-2.436323405764298
2001-02-17,4.7448093074205975,23.943525082660422,19.697872154672076,-2.71664093174889
2001-02-18,5.9256129563657,22.13565814467628,21.232184806236646,-2.28086033223362
2001-02-19,5.717555416927817,23.012169181266742,20.811832672079163,-3.9844092308511634
2001-02-20,4.138083068801734,24.073058984948048,19.438869954602858,-4.545549436776803
2001-02-21,3.5410499298939886,22.345417221213186,20.044744998280873,-5.281598057656434
2001-02-22,3.8853085496649267,22.915665640549058,20.347612226821234,-5.534578439682083
2001-02-23,3.018757341698657,23.498203663705674,18.658635915373974,-5.808756801202595
2001-02-24,2.7751726587782852,22.741081469838942,18.12145084934638,-4.760782380739034
2001-02-25,3.9867879535891357,23.379096680083812,16.301492276372553,-5.655976611780027
2001-02-26,6.119256042902153,24.837668128251316,15.69777532694963,-6.0084874498550995
2001-02-27,6.098748804028961,23.96656940699157,15.659654452973404,-7.521161698892083
2001-02-28,6.101875556644684,24.029477972835508,16.57316009571284,-6.500911335879553
2001-03-01,6.111149106271104,25.38320801955208,15.953754636194695,-9.822576395466383
2001-03-02,5.031731761043738,24.325723351956555,16.54365299480316,-8.726107679181975
2001-03-03,3.2033238102268085,24.846888486625147,15.927976448309593,-7.788245341981479
2001-03-04,3.7161864436675747,25.382273585058137,15.251803202129457,-8.848626258334994
2001-03-05,3.70447486046449,25.636582564113688,13.262658825792741,-9.25547179121473
2001-03-06,4.082300509709835,25.919123900554208,13.616425828578146,-9.375426078906091
2001-03-07,1.9466800443108534,24.71793217733396,12.588409873259465,-9.75209066852646
2001-03-08,0.4907331338312786,26.41979872232186,13.479896528402369,-10.713061065670557
2001-03-09,-1.6624356173935517,25.839618609508666,13.0800209159927,-9.520848491049493
2001-03-10,-1.606041861155553,25.959975837698543,12.482660976578652,-7.974282173535848
2001-03-11,-2.6685110230683096,25.03272180598751,11.802220893964481,-8.421668412351053
2001-03-12,-3.304365745080731,24.299276556348882,12.810421009726662,-7.729953572659378
2001-03-13,-3.731063868785899,24.964278387743303,14.041944534586648,-7.8303120840883045
2001-03-14,-3.8921472037692695,24.35862052757515,14.346049682029733,-7.618983461272933
2001-03-15,-1.5925578750092284,25.11723082945084,15.819108901216412,-6.838043353637094
2001-03-16,0.5976666332458591,25.424538067728662,18.16135060928347,-6.8875797405279355
2001-03-17,0.14798846729876197,26.782821206028995,18.24373273668024,-7.364730856069444
2001-03-18,0.08471993047874951,26.611530378872263,17.293961420654608,-7.709603606183155
2001-03-19,-1.192301690215798,26.35846081406394,18.34654323485187,-7.754713912436699
2001-03-20,-2.580154649581436,26.250864923983855,18.061327100604334,-7.228082780322266
2001-03-21,-1.421744345359427,27.44016170933465,17.24711892037512,-6.9667556902443115
2001-03-22,-0.7668961060063534,27.285176992995165,17.602519815522648,-6.310805108467741
2001-03-23,-0.2680200693934674,27.75061091635002,17.58654213740446,-6.323395430182889
2001-03-24,-1.4557006505559291,27.775671439667843,17.728109335346772,-7.584687378936483
2001-03-25,-2.7282823383587838,26.11073635488754,18.672379097770644,-6.548701650591257
2001-03-26,-3.089782670798031,25.87982143522828,19.90884040991146,-7.222762786161685
2001-03-27,-3.11881782374735,24.797248544936796,21.15373907070685,-7.576180214925062
2001-03-28,-3.788091986582107,25.35710986837149,19.920060624330006,-7.885915069553704
2001-03-29,-3.4788348840868974,25.623972134005495,20.240401281337288,-7.291285882709359
2001-03-30,-2.7473444430152565,26.54927954991188,21.327916207612354,-6.927812321609678
2001-03-31,-3.836150179717857,25.809684757312397,22.02663813158511,-7.3260863261355516
2001-04-01,-4.446193956702398,26.67533935881286,22.849285364053546,-6.90384357820501
2001-04-02,-4.421547019031438,26.82257160354384,21.649006691389662,-6.955452684835789
2001-04-03,-6.162571169725988,27.062336476165733,22.218194149713568,-5.447363914890997
2001-04-04,-5.508031447983864,27.909684391461948,22.813048028410478,-6.039580471758753
2001-04-05,-5.430942231633224,28.179056271248292,22.305982796714794,-4.643686650937995
2001-04-06,-7.31479321850079,27.913370331035743,25.260971748495564,-4.271739525860053
2001-04-07,-6.788589156511583,29.11796273151699,25.40418871219515,-4.987654697728533
2001-04-08,-5.8137821026945184,28.089258145710733,23.82601923367818,-5.889180000180893
2001-04-09,-6.207613960222582,28.88720255695921,24.09240255263321,-4.763871123125044
2001-04-10,-7.136528044531938,29.69628522129763,25.483817050935407,-5.3846772699246275
2001-04-11,-7.784785257959565,29.759454410765436,26.73081554093977,-6.403387220448037
2001-04-12,-8.092462932500021,28.702780314678073,28.47159141222562,-4.387851868952985
2001-04-13,-7.585729045100589,29.171801705637456,28.692313741287467,-5.58994979693799
2001-04-14,-6.418961560253879,27.866582454183224,28.498805472751528,-3.6681683014239956
2001-04-15,-5.438810372521872,28.81168897284251,27.5896941602803,-3.7689675787204955
2001-04-16,-4.806698893418838,28.799807322682057,28.702846451269295,-3.9778937728037973
2001-04-17,-3.7316830949000614,29.70913256534309,26.907668880179703,-3.163317774893539
2001-04-18,-5.768256310314894,30.073413306419155,27.63856422761657,-2.1120498954324556
2001-04-19,-5.475223612640751,29.129563348616756,25.82788294636866,-1.7162717747939051
2001-04-20,-4.961724220064792,27.983584696588743,26.259827424839788,-0.6753462011326479
2001-04-21,-7.547785815657727,27.085468026261033,27.65103282285287,-0.919977032191029
2001-04-22,-6.916801473069143,24.951989470465037,28.89973710704909,-1.5878510695348045
2001-04-23,-8.950491503427418,23.161985704959726,29.026620231056835,-1.361136028956754
2001-04-24,-9.338433761440514,22.68427200542398,28.434588055012487,-1.7201478338556335
2001-04-25,-9.937722872738044,22.39775375264019,27.549464564629098,-3.6403140708618738
2001-04-26,-9.321207754839559,22.397338637211334,28.011138795774222,-2.2888729521378837
2001-04-27,-10.125220218121033,22.70146837917554,28.41038224668029,-2.400107333077915
2001-04-28,-10.254476900499501,23.142314758498564,28.01247317835831,-3.5499189022543023
2001-04-29,-9.854100636655087,23.1334251255632,28.04529235127318,-3.1920325724119887
2001-04-30,-10.03242604277194,24.42871334368818,28.65041768177264,-4.82525644155935
2001-05-01,-9.515146525804395,24.52630898008426,28.169455998245127,-6.202350173919593
2001-05-02,-8.239180288606166,24.02704872296495,29.28422659719266,-6.065636497221794
2001-05-03,-9.54746003085026,26.851681597253062,27.03513330247785,-5.524925498777267
2001-05-04,-9.372200172259454,26.27797873322415,26.451378644060817,-4.331999858476635
2001-05-05,-11.138755592245685,24.535080169128513,27.338894435137124,-4.700491313272168
2001-05-06,-12.169013443712648,26.41840355369633,27.480566059346884,-3.425505996401742
2001-05-07,-12.396783241576191,26.759901554413222,28.007815320810334,-3.313948741054647
2001-05-08,-11.163196028798108,26.902377989468807,27.40593988159382,-3.276009506217525
2001-05-09,-11.202522584738148,26.791031206677857,28.407140261449005,-4.599777361301873
2001-05-10,-9.712497481022153,26.57903288361637,30.530635653574326,-4.617285856755278
2001-05-11,-9.703271322199187,26.347550894459967,29.801023623673263,-3.119609431338448
2001-05-12,-8.263500802248227,27.341926220205515,29.698919080582545,-2.5413615356651453
2001-05-13,-7.5169809778603875,29.3360725020092,30.037844221364043,-2.8341430391086244
2001-05-14,-7.284461974910011,28.688194553250618,28.568458160569797,-1.6545618706612166
2001-05-15,-9.119986341248064,28.144694777730255,27.48679399869247,-2.3529282800680313
2001-05-16,-9.213707156001258,29.559292464590033,26.825594392712162,-1.8261630708945253
2001-05-17,-8.961319013024827,30.201248984970068,27.084861660083273,-0.33640275743833015
2001-05-18,-7.896760654693233,29.359893103561404,28.37606052550617,-0.8460310280307364
2001-05-19,-7.797239855342077,29.652824012423693,27.301436231006445,-1.2453546493247267
2001-05-20,-7.23801690565683,30.773821148884288,26.362314797083716,-0.7631281287060345
2001-05-21,-6.765995329918228,32.05275397651217,25.5511492964455,-0.7574792774806415
2001-05-22,-6.64144149061084,32.024725616125274,26.84686766767664,-0.09579865423396161
2001-05-23,-5.3649337681197204,34.04593912883034,27.799690809257044,-1.4191063267477766
2001-05-24,-3.942905425915436,34.12485000135238,29.216581886444775,-0.6129971701585645
2001-05-25,-4.339184082700774,35.00156338662439,28.23650225272051,-0.1345164926482939
2001-05-26,-2.474634089908319,33.53036149639715,27.870992336086815,-1.454126068188951
2001-05-27,-1.7231104011118266,33.379048635294836,28.41283339622926,-0.350444885432448
2001-05-28,-2.075589786012231,33.875079603741696,28.37621834005869,0.014539313968111534
2001-05-29,0.27770908091320345,34.17947757542745,27.80486422250231,1.1812627057746112
2001-05-30,-0.5690829899254279,33.2735358505828,26.897480618031146,0.3304039993403355
2001-05-31,-1.209227488790019,35.07833505625904,26.562074450083124,0.030367657729979847
2001-06-01,-2.9369398643180333,36.115754938301926,28.465423412257067,-0.5343456670391066
2001-06-02,-2.241528542286845,36.34235938719191,29.109117280008224,-1.0373739724218995
2001-06-03,-2.67400460420085,35.75055165823596,28.529815141990237,-2.0865673375452443
2001-06-04,-2.0566131075320158,35.27351536492232,28.748578179243665,-2.9205207738894043
2001-06-05,-2.914639417387467,34.59558104574426,28.640724522069487,-3.0299935599487697
2001-06-06,-4.462470421634096,36.11530745636002,29.778121042815762,-3.160169151832074
2001-06-07,-4.215630844449033,37.17700055334581,29.8384981379526,-2.3204401859894928
2001-06-08,-4.637303123954862,37.970083250946864,30.219381864448412,-2.859276473126462
2001-06-09,-4.003593601449859,39.25072863991478,28.954819821236025,-2.5438196685944408
2001-06-10,-3.3967254755796343,41.044057109090495,30.358140912737095,-1.7346856597122282
2001-06-11,-5.109477184976376,41.614128113828,31.098481396796743,-3.1345515390733345
2001-06-12,-4.686296582576422,42.80088330213601,32.07978270546415,-2.997686062951018
2001-06-13,-5.096172351711867,40.95155428983759,31.74016667933772,-4.0294687029622125
2001-06-14,-4.99315336746477,41.54756307268763,31.582002171921612,-5.084714837025052
2001-06-15,-6.696569665973853,41.71658105409472,31.617718194747706,-3.5069619889208137
2001-06-16,-6.374229088993231,41.21770933696024,31.167195087917765,-3.76717733585045
2001-06-17,-6.908023522872443,41.761522549611094,30.941120668745043,-3.372751660759867
2001-06-18,-6.612773064393192,42.93844456440111,30.151935867737986,-3.207163065985546
2001-06-19,-6.666278462633831,42.810318214755505,29.195382798500646,-3.4468252457827395
2001-06-20,-7.275017556211587,42.375089932618785,28.66378387265877,-3.0546286323454517
2001-06-21,-7.895201178618106,40.78027109751368,28.562755410551933,-4.036693252516844
2001-06-22,-7.197827169762534,41.29636361785872,28.128679752299135,-3.1130314117129405
2001-06-23,-6.98851900749969,41.39024316766601,28.48509364322527,-3.1179443441397403
2001-06-24,-6.221380528163017,43.01660596505815,27.94305915260711,-2.7216222292515586
2001-06-25,-6.946784955362573,42.49373879177431,27.536849253243012,-1.8346314847576024
2001-06-26,-7.518852220891416,41.55164328223353,29.422139354280553,-1.9947581843178996
2001-06-27,-8.568318245244749,40.444128235221164,28.86148605165046,-2.2324821895972664
2001-06-28,-8.90980375446377,41.227447720084875,27.126137294041904,-1.6747392009663604
2001-06-29,-7.680885146511184,40.77033061951919,25.769535465490378,-1.0514775285374727
2001-06-30,-7.449967628246397,39.97504922015197,25.610791335310985,-1.4981309306947508
2001-07-01,-7.703952312326338,37.86050957121887,24.507555985744006,-1.9691603396067285
2001-07-02,-5.540162641639091,37.65404626195253,25.648576695273803,-2.0524640359437445
2001-07-03,-5.97110820247513,37.87663726006821,26.41575193413732,-2.68567648228831
2001-07-04,-6.720547410099836,36.92311318209226,24.5899648190312,-2.5185652679595947
2001-07-05,-7.799504705563775,36.17138747149232,23.78739778159861,-3.46706036203653
2001-07-06,-6.695270159826516,36.505422141850254,22.011014540933388,-0.7973492527172792
2001-07-07,-6.04968967885116,35.42312157571125,22.861086259881073,-0.17660921091985904
2001-07-08,-5.1592738348744245,33.91983185031426,22.07206942980384,0.6202170057444896
2001-07-09,-4.861864653308757,31.768499030318857,21.703771356298972,0.7570287353641667
2001-07-10,-4.40444335316922,31.863875315155678,22.366013558613357,1.2251280872166441
2001-07-11,-5.303249924472414,32.81058532944953,21.40162801901532,0.6816262762377772
2001-07-12,-4.251016516533948,32.15347052530861,20.44273449376395,0.5984593183413491
2001-07-13,-3.0781475446615882,31.986753169497845,18.415591706182063,1.3723754103239827
2001-07-14,-3.8697162569935135,30.680929376101883,19.043175565518517,0.9478450294981335
2001-07-15,-5.273094624284722,31.19237723283269,20.013343988784996,1.281732958854654
2001-07-16,-5.353738659090224,32.74155962675618,19.23337941679243,1.7800855295102087
2001-07-17,-5.220518999178459,32.51419120709489,19.805791810008728,3.3312002244158627
2001-07-18,-4.4768662269708805,33.362627948435076,21.37885990199802,2.5314215062750636
2001-07-19,-4.82305952908825,31.870040341852693,22.428537559768326,2.2090153057463913
2001-07-20,-3.6520485401707474,32.09060466819778,21.09485297506472,3.447028041005008
2001-07-21,-5.10565270377382,32.844577390930674,21.165260857349516,2.3615247548412226
2001-07-22,-5.4158408484318805,31.13597824821144,20.503927911356637,-0.26383044846079073
2001-07-23,-4.337091934258814,32.94040644045301,20.54629562631756,0.5103965638211064
2001-07-24,-2.13571957536203,31.267771781321304,20.507739667458754,-0.5777848737388341
2001-07-25,-2.501730080612041,33.308707265389984,20.15504880628837,0.11460235731192325
2001-07-26,-2.72517588643703,34.26700143345338,20.161542181861083,1.974482729068296
2001-07-27,-2.5504476361422244,35.35082275654232,20.17484580622956,2.4006337042580386
2001-07-28,-1.6330533537097627,34.911041929903455,19.380614042802474,3.619854514347155
2001-07-29,-0.7504305756987256,35.19031583460673,18.877748117472635,4.10628773348156
2001-07-30,-0.24891492238897206,33.62452940864421,18.91204762854159,3.1231843062925506
2001-07-31,-0.8360705768137884,33.43341106112013,19.63949316909738,1.1173344805802987
2001-08-01,-1.437746740502647,34.85828141623614,19.648653126696043,0.9311073727549424
2001-08-02,-0.07796532472569084,35.11189960971982,18.62887604486693,1.4192201524171535
2001-08-03,-0.17443188109893262,36.66907787582893,19.206667264445727,1.563076079395238
2001-08-04,-1.0836314814884183,35.735229075089634,19.001211107664567,0.022789032378314644
2001-08-05,-0.6718999376543142,35.20047500176972,17.70300695361587,1.2407730983293657
2001-08-06,-0.2262667767811823,35.0725095256228,19.10856185490674,3.185858206052571
2001-08-07,-0.9052943847803243,34.46696291365878,18.656787615815794,3.420667343002298
2001-08-08,-1.361591606117606,35.37259200703823,17.459922475992624,5.013903554314754
2001-08-09,-1.723851704277048,35.26419217810543,17.47654850271276,3.46466774875448
2001-08-10,-2.130263021822784,36.18925770916631,16.639837154838233,1.1748251916508425
2001-08-11,-1.0138533182733651,35.54175077912523,13.982090552114249,0.30868433060215994
2001-08-12,-1.2638483634480964,35.47938258937761,12.719589797042216,-1.2847716466118655
2001-08-13,-0.5719322346044357,34.3846601995694,11.660484229756342,-1.0441232117538282
2001-08-14,0.9324155592626472,34.62136238025408,11.82126812499892,-0.30543427133119694
2001-08-15,0.17874334022874183,35.53417592371769,11.551862565710326,-2.4838198967440377
2001-08-16,0.30400595409003606,35.60068840388757,10.98851990659275,-1.1253990742101716
2001-08-17,0.9024713067007564,34.47363070172205,11.266742213734318,-1.4195623510442725
2001-08-18,1.041688895868446,36.144670556824046,14.372207970812877,-0.8827079963171458
2001-08-19,1.1816612696862392,34.935464006844235,14.648928041264844,-0.05889437100298767
2001-08-20,0.32201750454092815,35.81889126503563,15.715006782923709,-1.4244961088730232
2001-08-21,-1.3536354427860748,36.18383097234444,16.20904109874994,-1.3600613067246479
2001-08-22,-0.8790388729667156,36.65233110765296,18.292110208688978,-1.2207208275500285
2001-08-23,-0.549966093611427,37.77362607608816,19.961392118308318,-0.5084342438769297
2001-08-24,-0.5287692562394173,37.045133186958054,19.356095764210522,-0.396443964501521
2001-08-25,-1.7224880522441526,37.51297587969387,18.613747332379162,0.4197742329378439
2001-08-26,-1.6488178388905268,38.69111146087038,19.552547913993408,1.3626629854008505
2001-08-27,-1.7617347861904458,37.29124576060916,20.204252718990894,0.2290698184981106
2001-08-28,-2.470341349885606,35.50962411076756,19.635807514182794,1.5357954177219182
2001-08-29,-2.1424219414951438,34.24319356858977,20.06994062176932,1.9722922242833059
2001-08-30,-1.6710249468093412,34.16277505786628,20.33865126516974,3.047703670327734
2001-08-31,-1.196096979516193,33.21331088694486,19.49685183176394,3.0974461566275284
2001-09-01,-1.2612110133617542,31.865649993177474,18.569916831456567,2.362823816189062
2001-09-02,-0.5276994123317529,30.72965028742657,18.974455234217647,1.5110135673058305
2001-09-03,-0.37684900772617835,33.13111187888716,17.574526973291572,-0.6723728541010612
2001-09-04,-0.2944953415561943,32.741344835538555,17.858711232117543,0.8451204757434079
2001-09-05,0.7230202264642586,31.64335812739903,17.47698526587805,0.3435412184353912
2001-09-06,1.49670998613875,30.86852628653609,17.188573544430156,-0.9939116196755879
2001-09-07,1.8614705103413567,32.16983657537622,17.31864108467225,-0.9338499077358999
2001-09-08,2.4482113374021615,32.32736534647101,16.582014521773992,-1.9933474427142372
2001-09-09,0.8662081234435142,33.89623413108593,16.469349117516927,-1.0965003874780896
2001-09-10,-0.7625163716269541,31.847866848559068,17.633327210635237,-1.1228732540303283
2001-09-11,-0.6469411549405891,31.56035028995945,18.999803156229973,-1.1502831261324151
2001-09-12,-1.3683401265904442,32.56926991071247,21.335935568198025,-0.9793569850826785
2001-09-13,-0.3528029266975501,33.7091763771236,21.665078401378818,-0.9484526942085773
2001-09-14,0.5148388819151951,34.7332813378032,21.589041896408336,-1.4656799214672722
2001-09-15,1.7699780633422484,35.93875008682781,21.747158430554283,-1.0077400292094851
2001-09-16,0.2874090408009635,34.60597111812672,22.298778937417097,-1.7147772017597411
2001-09-17,-1.0667684689218928,37.01625020944519,22.481514050068117,-1.6865929875644439
2001-09-18,-0.8614980706438893,36.67336578725092,22.455538645009575,-1.9649919163968725
2001-09-19,-0.9390402092457122,37.583119026372785,20.69728427072813,-1.2915885983364168
2001-09-20,-0.53353883992284,38.635464643588456,19.417338947474192,-1.9477355864100683
2001-09-21,-0.3829528509209945,37.06330733577246,20.609067511456328,-1.44819341114282
2001-09-22,-0.18623773778090022,35.16987262119004,21.617991145180643,-1.2461519713630655
2001-09-23,-1.5120515372274315,35.781764338451005,20.5315957374393,-1.4605816137114505
2001-09-24,-1.7782607765978755,36.203193703133664,19.63316489493255,-2.1965184891514795
2001-09-25,-2.760161431754507,35.64993511688573,17.47124262254028,-2.140933956520366
2001-09-26,-4.63075410813871,36.36655874960304,17.59209236989918,0.027196209639370306
2001-09-27,-3.7949776236338795,35.1468603714368,18.100086002456923,-0.03285635524743687
2001-09-28,-4.037538893384653,35.504726501363365,17.890341337231725,-1.2368565706511614
2001-09-29,-4.934691620064963,35.714155664156536,18.10880053914674,-0.2191762015579477
2001-09-30,-5.7173110888241325,34.38026815664672,17.363432844297414,1.101701475757277
2001-10-01,-5.614792547260118,33.14302893856161,19.588317473971397,0.8243346538226295
2001-10-02,-6.207815257143632,34.70555360152824,19.214349486940183,-0.07077851822621473
2001-10-03,-5.364675562575904,35.20004739970382,17.25092341160416,0.6275866122039813
2001-10-04,-5.397621455577949,35.51888049498797,19.321576262853412,-1.0829349741073098
2001-10-05,-5.06497218774221,36.4711892084059,20.792947889091742,-0.1184812374161267
2001-10-06,-5.337384246028189,34.58748156347568,21.298778934946004,1.5126066700052028
2001-10-07,-5.531941186264077,34.47827429851178,21.648270553962046,2.137989643906615
2001-10-08,-4.109631405695714,34.42381004419178,20.19503157447963,1.9874422810822951
2001-10-09,-4.526357108933731,34.11372583952817,19.796159591102803,1.5904181691695123
2001-10-10,-7.09866372023511,33.51923978740077,18.38743177601077,2.6944739452240123
2001-10-11,-6.387817312457548,33.80411748208864,16.08727270680488,3.4052122936442464
2001-10-12,-6.169204076752074,34.184117847967066,16.772509599685286,5.027284877941765
2001-10-13,-6.869621442602568,35.2554003643295,17.540308122253983,4.1183597761636115
2001-10-14,-6.744224206145161,36.49961014413234,15.819083584272462,2.934925333353719
2001-10-15,-7.408653182502156,36.701067466728745,16.070779004406873,2.9478269616857657
2001-10-16,-7.2969306947573545,36.30381497714254,17.47623376644345,3.5270188409960856
2001-10-17,-7.473138828771925,36.60831210899252,17.160797847750814,2.5183830592337344
2001-10-18,-6.252692493406467,37.40413216781146,17.83158069140101,4.285962740130495
2001-10-19,-3.804701616584951,37.158821774124235,18.934166314324706,4.214823958672887
2001-10-20,-3.150601265251411,38.21752246093409,18.775604419352703,5.056598912510575
2001-10-21,-2.3661218188639532,37.86795555349804,18.389160614866753,5.691158008465298
2001-10-22,-1.0424520539095519,37.25880762429421,17.319092387469418,5.408509496316232
2001-10-23,-1.5811722982409204,38.09808459090403,16.84205241848025,5.157238043246774
2001-10-24,-1.5880535253610495,39.64408783451804,17.042215027318196,6.649193231309753
2001-10-25,-3.236940880195063,41.810651177591836,18.993610090287934,7.899983208106011
2001-10-26,-2.6255743749951104,43.27645929169216,18.552763705327152,8.971313040878162
2001-10-27,-4.984693672773294,44.28448291487815,18.438330403103357,8.568945498989244
2001-10-28,-5.884842013600311,45.04459135167169,18.048259420609106,7.582592059285867
2001-10-29,-6.342928088796089,43.140872653766564,19.197343102010894,7.128942259102923
2001-10-30,-3.246015384645872,42.053587060282844,20.572203682680097,7.864599327986015
2001-10-31,-1.7146507592447828,42.45066798977406,19.625761200342794,7.153212971948568
2001-11-01,-1.0383635079310287,42.67089744044688,20.57749192053156,8.337656977150637
2001-11-02,-1.356504472668598,41.819159244538604,21.248561238092602,7.2552104980800545
2001-11-03,-2.58741336934408,42.654105495935404,19.425923070673207,6.480180001139416
2001-11-04,-3.4781552288786752,42.74506128891763,21.132848779933436,6.497335454024097
2001-11-05,-2.5415218250764795,43.49714644863488,23.246394442401705,6.279379281264465
2001-11-06,-2.0944689649991024,43.85032138878873,24.392245908352116,4.925208059932358
2001-11-07,-1.3451091454707997,44.511350571992566,24.71395816198684,4.051576759575063
2001-11-08,0.3163229782416954,43.42410746682826,25.66276469124797,4.187933271107582
2001-11-09,0.1683440645664673,43.692195640238545,26.858423826519335,2.667775253202083
2001-11-10,0.22958897091815414,44.95680472263112,27.38085117949025,2.4968345070737876
2001-11-11,-0.9157783528999234,46.393759028211704,28.26923231477162,2.507438438935185
2001-11-12,1.227525513260531,47.61226978845831,27.626515834109767,1.8856138765735966
2001-11-13,1.6980264489383816,46.65943394517708,27.760089914125825,2.5840947833044847
2001-11-14,1.0215766213523074,48.29384936095023,26.796790853643746,3.5518046899918883
2001-11-15,1.4562054544899392,46.996885004029636,25.22755340502791,2.8107650389081527
2001-11-16,-0.7445301003226619,48.88777400949042,25.03862920180913,4.493728671581583
2001-11-17,-1.0212553085922533,49.29892280079248,23.99481369088734,2.524267716683781
2001-11-18,0.4572490782629155,50.26078317116195,26.104331805174436,2.836123041527052
2001-11-19,1.4596925877379447,47.90020107980748,26.417330796739062,3.4580781539815075
2001-11-20,1.6727936443102198,45.472214364199004,27.6009169246748,4.611862863177255
2001-11-21,2.531656616038891,45.94558049822417,27.745284010737517,4.2406152912595045
2001-11-22,2.8298435920358753,47.35405486813758,26.57874638340703,3.457717215753928
2001-11-23,2.401455905183419,45.89855208383801,28.27210687726058,4.490743800467905
2001-11-24,0.8946923924855554,44.95881340675552,26.969980988684046,4.233997136159465
2001-11-25,1.8453857306841124,43.623752837830644,27.07022066795942,4.930894606751741
2001-11-26,2.7537942644128655,44.115402473767986,28.43897748482512,3.661223215177574
2001-11-27,2.686017804031439,45.852553189612685,28.517289494061586,3.691229680901552
2001-11-28,2.5406117063130806,46.42446541507307,28.49943994249225,4.492215322644199
2001-11-29,2.436050863934062,46.091269781637024,29.909537587542978,3.899983227750611
2001-11-30,1.9568101090269883,45.15791633036134,30.73138224434654,1.1255228497966332
2001-12-01,2.612666720612138,45.74584599806465,31.035909750491353,-0.46339693711142416
2001-12-02,1.783088194617937,45.31408780797175,30.380591022762875,0.2925932654257539
2001-12-03,2.17456626955246,44.632514802766195,30.877190624280104,-0.1833289159051451
2001-12-04,0.5311083122995,46.36296624744785,30.446305015813373,0.10514992025832659
2001-12-05,1.2877786124862158,47.66822950044967,29.832174074671403,-0.13453551360096005
2001-12-06,-0.5462287104177896,48.26048227573362,28.67086550808553,-0.12563899165942327
2001-12-07,-1.2706376033436273,49.146395789433654,29.29842405414058,0.42835131835402696
2001-12-08,-1.9356831742622205,48.249450291133975,28.315886185431825,-0.8623827878179043
2001-12-09,-0.7586389970529661,47.858450900068306,29.98607795000497,-0.8202147517836659
2001-12-10,-0.9911107158318351,48.506888187053775,30.080888706935898,-0.2739081581384991
2001-12-11,-1.8662962156718805,49.47375135387899,29.19868488260595,0.13489619001824643
2001-12-12,-2.474325204396385,50.49109714924112,30.92204321359895,1.232770837679805
2001-12-13,-0.8748823612679317,51.00452783360291,30.990369546513207,1.906571508370352
2001-12-14,-1.2735622257028176,50.62154557776193,30.709107283417637,1.3888848370012754
2001-12-15,-0.20039741527317112,51.01977939010381,30.00936258628268,0.8004483348536979
2001-12-16,-2.543361599585653,52.413545170453276,30.215064818542317,-0.4476620939410827
2001-12-17,-3.2015507685588,53.20680110878394,28.40726963315202,0.44343693668869677
2001-12-18,-3.048870561777906,52.70303179185979,27.75575491207386,-1.2996108368302306
2001-12-19,-3.484114241987954,54.51680700744643,27.64678721123635,-1.0392691382393024
2001-12-20,-4.000044954459034,54.16099394582455,26.152622208132435,-0.9272594054121895
2001-12-21,-4.544559075608529,53.114749039889276,24.83860176017444,-1.9166434877543468
2001-12-22,-5.20379397539882,53.61205831753403,24.258356952304283,-1.0674670995930373
2001-12-23,-5.1181236327240525,54.024457425730255,23.624821925661816,-1.7998322236875384
2001-12-24,-4.026930116402013,53.87052649649085,22.97242103729775,-1.866026303494837
2001-12-25,-5.295221583267105,53.535450489243395,24.279581527921014,-3.9256478483086807
2001-12-26,-4.416979469571818,52.24498822573479,24.618329785007752,-4.429358865609513
2001-12-27,-3.483338089064012,53.552772794456395,24.455447735697618,-5.2862143590683175
2001-12-28,-4.18269047582367,54.96442546170783,24.61865981736328,-6.58383412435153
2001-12-29,-3.3163366554595077,53.23721191073201,23.422322719592533,-6.989111002481753
2001-12-30,-0.7803091341835589,53.69029733983833,21.547126250120716,-6.017895224916804
2001-12-31,-0.22869019855126682,55.2220515296876,20.772010026488434,-7.0413366420604815
2002-01-01,1.5787819439663564,55.356999022356334,20.49057651458229,-8.685418792047413
2002-01-02,0.12065639396263816,56.243184430476994,21.229469233259064,-6.880071030329341
2002-01-03,1.3810824700210151,56.04097840797908,21.723498746195506,-6.9857665657202945
2002-01-04,1.6813588456898245,57.11835210499635,21.67560523869648,-5.807393343119046
2002-01-05,2.063996317648972,56.86692206836987,22.449798014307586,-6.147591083907895
2002-01-06,2.2525410225753264,57.622012211900866,23.02185841173764,-8.004809589977446
2002-01-07,3.0192055490214003,57.12587228427993,23.364075732822766,-7.695829322375165
2002-01-08,3.5985548385715607,56.72965048140668,23.350025945478066,-9.484460538699778
2002-01-09,3.4378182784430478,57.57085585576116,23.12467492563375,-10.58351113201082
2002-01-10,2.9207777556719567,57.377358278532114,23.095575070929108,-9.387772766032985
2002-01-11,3.6687610158903747,56.10897959300684,22.007784812780873,-9.610596244287182
2002-01-12,3.4740559117629477,55.11707831317698,20.980618612976038,-9.64438382438408
2002-01-13,2.352802271972216,56.76578085347006,21.25815693273774,-8.301375045273126
2002-01-14,4.252484917945754,56.17379662668049,21.259981986786027,-8.367267323141327
2002-01-15,3.8523356844293994,55.74148649747596,21.195785536686298,-8.389736209441004
2002-01-16,2.9631941320352757,56.21115357950333,20.894960255997916,-8.36866227298865
2002-01-17,3.7128670498473526,55.10679721623904,20.973258189643317,-7.605761736445124
2002-01-18,4.812172425002267,53.05808347525409,21.663439710658544,-9.503783886801862
2002-01-19,6.037778715711299,54.494394473272564,24.58412896372001,-11.49576772181559
2002-01-20,8.22354444399279,54.76577330942216,25.40728665363327,-11.465287898772027
2002-01-21,6.7342073575275005,55.730410322011096,28.04821724179423,-12.672513213910108
2002-01-22,7.902266005199385,55.89721253312193,27.893513120094042,-11.80521619516372
2002-01-23,7.029142541189923,54.820685473796395,26.67661558943117,-10.30724063117044
2002-01-24,7.274098195978781,56.708338880343284,27.15689240361778,-10.65931072203917
2002-01-25,6.60981366778456,57.967688039905475,27.181428428452836,-10.48250984966604
2002-01-26,7.735700323309248,57.34983859867211,28.522423568503257,-12.601759844585722
2002-01-27,6.531303184926609,55.96877424093159,28.469743517129046,-13.930803137329107
2002-01-28,7.69662988396897,55.480447894481266,27.176218097519506,-12.058262663449534
2002-01-29,8.27010442677828,56.870258855163804,27.06646695133543,-12.022317595431344
2002-01-30,8.885953922220427,58.33158093711785,26.575725971974055,-11.50490569614226
2002-01-31,10.228740579939181,59.23050652566914,26.809073023128235,-12.2705369736317
2002-02-01,10.669054972233813,59.298984360635664,26.655387598870025,-12.200179468706727
2002-02-02,10.363941908243198,60.322068617852906,25.954723069462105,-11.477512602380958
2002-02-03,9.685396964160008,58.92655667092677,26.70727089791474,-11.547756388155385
2002-02-04,8.822418824231455,57.89170738383243,27.80586371227389,-12.869762935585925
2002-02-05,9.013986039797105,57.8289288514359,26.63144961687149,-14.281003265026516
2002-02-06,9.286021203019624,58.28942008724977,26.739454810078488,-15.87701434987211
2002-02-07,10.139389093766837,57.423286821173214,26.132172799843715,-14.390319928143692
2002-02-08,11.421905895513152,57.04125118449141,27.707479023612947,-13.751322365841274
2002-02-09,11.680981301525373,57.50851324265224,27.40800171246209,-13.344001559741386
2002-02-10,12.756088928469175,56.73367246743006,27.96187708577065,-14.350211777036645
2002-02-11,12.25875282240064,57.279816342985946,28.746862342046736,-13.625729557431606
2002-02-12,13.573360713794035,57.77073227343257,29.325823466418626,-13.150107444507515
2002-02-13,12.538293062101593,57.071429160581516,29.999597832622193,-14.157561506462015
2002-02-14,11.220431647325611,56.31104533277189,31.208428847185377,-13.697628757840516
2002-02-15,10.84375441429118,57.07035653762318,31.214212284591834,-15.265119724112862
2002-02-16,11.50995747680642,59.752438973174776,34.07312019743198,-15.396151306946066
2002-02-17,11.903083076558852,57.9438992653085,33.796068851027776,-15.626217399608867
2002-02-18,13.146649101005064,58.91633176266787,32.506808065460625,-14.996995267880171
2002-02-19,12.755044696030168,57.51940271502375,31.950448601845604,-16.408671362561083
2002-02-20,12.219319033797898,57.42844939976414,31.633136858882644,-18.10755064025936
2002-02-21,12.952651695078961,57.72017098951097,31.93073300202257,-18.40114929183746
2002-02-22,11.134087145367639,56.090269038308854,29.659131159286083,-16.13773080805168
2002-02-23,10.743916161592635,56.82212075192626,30.331865610535008,-15.945143812759767
2002-02-24,10.759408585664342,56.58579651217215,30.537504989095353,-15.571035214798258
2002-02-25,11.518482369385403,56.85155649292329,29.968158535689433,-15.497392842838376
2002-02-26,11.739848261460759,56.065544722160126,31.575377738705672,-15.098339044244872
2002-02-27,10.52658209372021,56.34495382323989,34.38470851896511,-16.77675094135436
2002-02-28,9.28129357501247,56.09996767325464,33.85116937873333,-16.221983197158128
2002-03-01,9.332069211070976,56.35597034276914,34.80619106500755,-14.867119293938702
2002-03-02,10.697505099630533,56.81365852797884,34.845594402588645,-14.592280227861815
2002-03-03,10.754096072477385,56.29090971240368,34.749902938585464,-15.229309960286642
2002-03-04,9.415653742924716,57.991474459891045,33.69296596092401,-13.194142937182617
2002-03-05,8.388100315940068,57.61648188885507,33.41263375350905,-13.716816612714238
2002-03-06,9.395430746950545,56.96338840715182,35.901997412666454,-13.542889786846708
2002-03-07,8.44987401773141,55.967454196455215,34.50559965403401,-14.256676144779272
2002-03-08,7.96997617399386,57.050026072771544,33.37731221323399,-14.832042465490836
2002-03-09,8.441258819138708,56.12423766512651,32.56356007372887,-14.411451371261807
2002-03-10,7.56195718250379,56.21237930265885,33.05546197111194,-15.18764107947726
2002-03-11,6.829092443167096,56.62382336826839,33.25444177940973,-14.359299993669751
2002-03-12,5.400205966368689,57.53558325512023,32.65059186296759,-13.207863091147994
2002-03-13,6.715343346388902,56.90503746668355,31.979701563911778,-13.730597435036007
2002-03-14,5.888043634084142,57.386216663873434,32.45135799901856,-12.623211507790945
2002-03-15,4.891983885076542,57.69648006825284,31.518531904878778,-13.585085650387015
2002-03-16,4.564205158320193,58.94406625522689,30.952621696299758,-12.625492810422902
2002-03-17,5.790213111282257,60.37132516230579,32.505272259866736,-13.623297363326229
2002-03-18,5.467098361260541,59.22617901737969,33.08040898846392,-14.74247735955639
2002-03-19,3.3327362494401855,59.77912430689861,33.375819874683664,-15.38095027003466
2002-03-20,4.605059939816672,59.69372958317692,34.49531409894252,-15.425799114681393
2002-03-21,5.010050773055173,59.52830357945186,35.03404913826751,-14.513360389117612
2002-03-22,6.885641364138492,58.755512142196885,37.19287531165493,-13.311630400024557
2002-03-23,6.938582659003104,58.85015006623676,37.15895777773906,-13.580419918418066
2002-03-24,7.481605448002821,59.166646859755105,37.3962003769037,-13.544143143782248
2002-03-25,8.21190733172413,58.79615338431136,38.6829752703677,-14.569203495466947
2002-03-26,7.973358261428819,59.53936623499768,39.96582081049037,-14.648246718857347
2002-03-27,7.890749831359175,61.32282030922798,39.822421330432704,-14.05140955090538
2002-03-28,10.010610553702525,60.60461746814714,38.12715421397246,-12.97116049956113
2002-03-29,11.60689011498378,60.92023070725136,37.93850042599252,-12.731793443333675
2002-03-30,9.476086039415474,59.86800845603363,37.84852412400685,-12.633893047709531
2002-03-31,7.974086287377125,60.15719570240967,38.213199053795506,-14.07800136574898
2002-04-01,8.452410502361863,59.39600657436939,37.44597954355883,-12.65549723608924
2002-04-02,7.403396939342117,60.133964160574045,34.833841192498035,-12.406293891061482
2002-04-03,6.607180343323758,58.70877234898602,35.74852281229764,-12.760180005313021
2002-04-04,7.674186317065713,59.06679948012647,34.53191882064545,-13.664329954135363
2002-04-05,8.7788748385812,57.84606700627378,34.85539315822602,-13.014868396508094
2002-04-06,8.816929251114761,57.23076729471796,35.72383961304699,-13.752158708943945
2002-04-07,8.584856309603902,58.68665866292377,37.77467181867533,-12.59926925378787
2002-04-08,10.415013132813419,58.00207493549656,37.58180381943135,-11.599732789934563
2002-04-09,9.5374367129097,57.4985676469689,36.63881184498812,-11.398512814231003
2002-04-10,9.283566480635415,57.273474036032056,36.52017673875758,-10.963154460348656
2002-04-11,9.237238525362631,55.709610463134666,36.09191018499273,-10.738540645535663
2002-04-12,8.21575141317844,55.29548538872215,36.02181055792585,-10.548438391119099
2002-04-13,8.076680749814736,55.89943168235188,36.39096011987719,-10.965148945278592
2002-04-14,8.858545959905433,56.2025439203679,35.51485931309817,-10.347125212162618
2002-04-15,11.406669507193097,56.216118031667264,34.896531870469246,-11.494307140878677
2002-04-16,11.493502029849623,58.55591404958754,33.2443924136855,-11.993343200756742
2002-04-17,10.579824732958153,60.16319641229045,34.221008475340945,-10.15904765047556
2002-04-18,9.35248535397762,58.96362415696973,34.96581626599102,-9.89802774794514
2002-04-19,8.967660968588856,59.04183463657903,34.29661382142844,-10.84708553957156
2002-04-20,6.831585471672862,58.77993562766681,32.79389967445573,-9.862367711761724
2002-04-21,8.047851112046692,58.51861357900154,33.96018233915586,-10.146853839004418
2002-04-22,7.025210544512034,58.44686462925128,33.49249184840815,-8.477845853276929
2002-04-23,7.724159536647692,57.52222061614079,35.24854700740097,-7.99357852200524
2002-04-24,6.993642503479058,58.362716190918114,34.63161488210105,-6.913020647825579
2002-04-25,8.201226294807414,58.79217315948755,35.37627149568951,-7.203959177629599
2002-04-26,6.707284284722633,59.91649937649206,34.66545810496768,-7.3998788368748425
2002-04-27,7.284301727134052,62.18526798636245,35.928566353569906,-7.586906034052038
2002-04-28,7.920351248454516,61.17391177510673,36.6350311504207,-7.444015430745511
2002-04-29,8.16704371893605,62.40172839512996,36.99762153659486,-7.281113168291663
2002-04-30,6.904289596639288,63.524576729748375,37.01394792408629,-7.039985321728952
2002-05-01,7.539213207707909,62.08041217417375,37.74946556413706,-8.40079209548363
2002-05-02,7.46354772678418,61.23061809080414,36.725745874641454,-9.030843788014913
2002-05-03,7.309174766716803,60.43700767439605,39.303748129280585,-8.754528945997125
2002-05-04,7.64181050965459,60.734351209389814,40.537706367351596,-9.02212261841379
2002-05-05,8.383149704442598,61.75895550449347,41.63829828560103,-9.475550083015273
2002-05-06,10.41726486149049,62.349205488199495,40.76954281463582,-9.787150894574596
2002-05-07,11.050358565932866,63.037574869357755,39.668839863878446,-7.447363459974753
2002-05-08,12.07442777553475,64.45470996588942,41.22269677587323,-8.469066616462854
2002-05-09,12.349207808917546,64.40715674670007,41.389049449436556,-10.040087042224721
2002-05-10,11.171075479857148,64.56709664882061,41.53613442516071,-9.79180564637297
2002-05-11,11.904074467006051,63.58778295514237,42.31165149629049,-8.719940334453502
2002-05-12,11.721698045837138,63.48870184768016,41.613651914709585,-8.580111929582106
2002-05-13,12.723345994072382,62.88123033413324,43.15866881020107,-8.105510910603794
2002-05-14,12.969591470037427,64.38922116444772,43.15438995683817,-9.37550975311451
2002-05-15,12.35691943929823,65.5462587418879,43.115953412036944,-8.742297773592302
2002-05-16,12.433899808105988,65.4910356376847,43.50708995301302,-8.508362487079095
2002-05-17,12.863318548120136,65.76000446950674,40.584298202858896,-9.856901403791717
2002-05-18,13.102561392922595,63.98142685033372,41.62993309713365,-11.09698919811266
2002-05-19,12.83022544735521,64.19748348160624,42.31369841408394,-12.97601289460042
2002-05-20,13.251595474229905,64.21856281113766,41.525853496868926,-11.513127788070685
2002-05-21,13.156639811279947,63.44063611985202,42.75495233827762,-11.002517524185299
2002-05-22,11.237605367429726,63.63103909586594,42.54550809905406,-10.552746617548834
2002-05-23,10.309476200228794,63.20891675056854,42.32490775849451,-11.599496964160748
2002-05-24,11.107945685548135,62.39323495403656,41.89136322199819,-12.621852002642276
2002-05-25,8.924801287828522,60.737587975931966,41.201888846669895,-10.6524291517072
2002-05-26,9.323884979418436,60.29392853218646,42.37508897879836,-11.68038097116696
2002-05-27,10.796967767998522,59.7189656321018,42.13953775964824,-11.987819988740855
2002-05-28,11.393329156929992,60.03907043035664,42.487805308769246,-13.662620840170892
2002-05-29,13.322039565170972,61.023258351354905,41.99970151254776,-12.36306655844509
2002-05-30,13.494386022445399,61.22967420916016,40.697348202138436,-11.812579131830631
2002-05-31,13.069992365849572,61.911908045136386,41.731454224199766,-13.418646413936873
2002-06-01,11.940012034124996,63.17287479251077,42.172515931138356,-12.057914523492704
2002-06-02,12.066746172366514,61.38241855282878,43.72447094414181,-11.990890236209118
2002-06-03,13.14719888517594,61.50685365965422,46.643773571436846,-12.374719706770449
2002-06-04,13.483172853619694,60.62106283831169,46.30294599461456,-11.631617933818479
2002-06-05,13.809137336082083,60.02069441733537,45.42483093869302,-12.783827898445045
2002-06-06,13.610139640578119,59.09937770769914,45.63009477625408,-13.813887351777097
2002-06-07,14.472656018552138,61.05319675208964,45.3323972851253,-12.329640865726486
2002-06-08,16.574057478102624,59.10566783079223,45.5047013065575,-9.340414706421775
2002-06-09,16.816362661977543,58.02351545647507,45.23781634658746,-9.296540816978137
2002-06-10,17.597334762959175,60.4536369205932,45.479123566469525,-8.482056569711785
2002-06-11,17.214439684717334,61.087088587432504,44.092766445587436,-9.190243688857734
2002-06-12,15.927844175105061,62.24155233218129,46.567620594595404,-8.18610799282349
2002-06-13,17.100096412370856,61.43352070231622,47.0878500383483,-7.23456818631222
2002-06-14,16.869355770640645,60.72499049249258,48.060657808533676,-5.230071228234872
2002-06-15,17.976219432039986,60.1760070918457,48.171132055135345,-5.512453384324457
2002-06-16,19.84384124650745,60.92224540612593,47.646269598448974,-4.053744289803045
2002-06-17,19.752145474281622,60.92547435354384,45.44799873246931,-5.188757678948056
2002-06-18,20.015007604025023,60.40125352145351,43.4795121417863,-5.467934787238751
2002-06-19,20.00510222851521,60.05235350094926,41.64836898461645,-4.183537938024449
2002-06-20,20.533337194930983,58.8291453906323,41.64160378877931,-5.159296013936756
2002-06-21,20.959040810142238,58.56641140179273,41.66974756144129,-5.202299589357835
2002-06-22,21.042943936237503,59.1912427596523,41.32542767797939,-5.136104687893517
2002-06-23,18.528853238702457,58.030594380541196,40.91437755892286,-5.064942654213601
2002-06-24,20.01133899462731,56.94510464635451,41.342728518417594,-5.902782809245633
2002-06-25,19.272313861680093,56.76676474295531,40.93608138152286,-4.445986190452215
2002-06-26,17.675175910383494,59.518324677337844,41.443608274081065,-4.814205074784464
2002-06-27,18.48641129378595,58.469614412965974,42.78781692495995,-3.474074444602567
2002-06-28,19.967045699982375,58.918698387023646,42.74230541248349,-4.284606173582764
2002-06-29,20.72633032281313,58.732388457890806,42.9701111636775,-3.2235733282627947
2002-06-30,21.98522599958583,60.41709163032986,42.92797205435305,-3.6491387848932337
2002-07-01,22.60310542071477,60.87522598778671,44.53670816507744,-3.445840027918356
2002-07-02,21.32003720991734,59.32412755397468,45.18580197285439,-3.2521367185478773
2002-07-03,21.681217369100654,59.033926247056556,46.027922319839064,-2.66249251276077
2002-07-04,21.995925166293013,59.886352991199736,46.2725777008356,-2.8800182406402173
2002-07-05,23.958464603077225,61.3140339820246,43.1423296491726,-2.3760098265462295
2002-07-06,24.045384655714628,60.35599882343579,42.730449476709495,-1.7629067486214325
2002-07-07,24.61317265440587,59.68814409461468,41.395639249179794,-0.3686710348338571
2002-07-08,24.85879589716955,60.891675642576956,41.15286257685861,-1.1397764418304666
2002-07-09,24.810034613008884,61.6836165094432,41.40615896566723,-0.615400043981239
2002-07-10,26.193507109257343,63.56009497193647,40.69542571607326,-1.5677764341516223
2002-07-11,25.659237992954285,65.00802453332774,39.27065598483246,-1.8675134164812313
2002-07-12,26.35586919716771,64.5479180213646,39.76328273395913,-1.5195778237716515
2002-07-13,26.110063701075244,64.4257887614292,41.14909016634537,-3.551137003551667
2002-07-14,25.065856828063257,64.68175430449637,40.47181185634702,-4.105752397798278
2002-07-15,25.19966843297249,64.78723962195036,39.18001807887578,-3.459429581707556
2002-07-16,25.178688745658828,64.58844608642855,39.24506552554125,-2.9823559851979056
2002-07-17,24.644232321372975,65.22244503163144,39.82917300632882,-4.470810300042028
2002-07-18,24.938833454855075,64.57901982873155,40.028561826504166,-4.9637906539153756
2002-07-19,24.17890335681119,63.691797455399346,41.59406670081924,-8.301379745249235
2002-07-20,24.974582047001448,63.75252243276669,40.659544933360465,-9.339851163896672
2002-07-21,24.665236718360166,63.664946544364874,40.55484479782054,-9.08866584153494
2002-07-22,25.526545171265493,64.85734426421175,40.62087521638252,-7.961012741586044
2002-07-23,25.581872436458102,63.11210560201282,41.40589443466429,-8.099205818940352
2002-07-24,25.939892530485924,62.26593440589973,42.98086312349681,-7.489576579293165
2002-07-25,27.12720347555612,62.52139671469013,43.77047898777697,-7.863100070114
2002-07-26,27.997213211089534,62.05531669173498,43.46259828826609,-9.079501468317407
2002-07-27,29.012254207935378,61.55882371792553,43.191030635236686,-11.530843340002532
2002-07-28,27.728634668555134,60.92624218088446,44.10100328087323,-11.63906052727675
2002-07-29,29.404681305749186,59.932776677534186,45.77508101300607,-10.72250296505287
2002-07-30,28.133449382034897,60.78891351208149,44.547041675230574,-12.272615050189541
2002-07-31,29.073477318506853,59.56024288946308,44.92767677394785,-12.700868687063899
2002-08-01,29.845767708286356,57.80888128146317,46.1487455410964,-13.881519362932346
2002-08-02,30.57833721719134,58.70755166584541,45.90043317899816,-13.569705600736132
2002-08-03,31.677038227868465,58.69439522821029,46.1618137349123,-12.891660013011961
2002-08-04,31.415800543248945,58.07137082845197,48.03020786256412,-13.233025278648668
2002-08-05,31.327462101030694,58.435889763947465,48.81116472743526,-14.447051749823226
2002-08-06,32.08763823255305,58.01353464300518,48.102590057840686,-14.941540989523457
2002-08-07,33.56077878848284,59.75881373751431,47.707787977546836,-14.394333408071398
2002-08-08,34.29809367886316,58.78194189948728,47.91927391226093,-12.96726266745256
2002-08-09,34.91988224321379,60.03803425433037,47.1050372294202,-12.904168450125178
2002-08-10,32.33187071212635,59.89155641545411,46.907977697886736,-11.402568569740941
2002-08-11,32.086387997892864,60.184788270458995,45.65302159022479,-9.906939934222569
2002-08-12,31.123676222750642,60.17892318816946,46.981493808335316,-9.51023276183863
2002-08-13,30.674564210529894,59.822397215650966,47.78896661606257,-8.587439249176736
2002-08-14,30.020030332358594,62.00863140236047,48.990564523316,-8.956635394697186
2002-08-15,28.64358330251158,62.386697926205166,49.04490377001594,-10.053744964143881
2002-08-16,28.34244600969417,61.987979274763795,50.506680047426464,-11.204247670387145
2002-08-17,29.320486051985544,61.6900390094592,51.00062266628165,-10.481789674032468
2002-08-18,30.809842169153267,62.11982316696586,49.19885114020913,-11.072426497845735
2002-08-19,29.20645900587187,63.49759587259153,49.58654959676793,-12.964126673107838
2002-08-20,28.879479120100726,64.23805150096739,51.238322311439525,-12.477997334173446
2002-08-21,28.0683465680775,64.30639807747256,52.38406585758427,-12.354828505876561
2002-08-22,27.904929063669726,64.03488097945647,52.042055981234434,-14.072099368935802
2002-08-23,28.48062088891122,63.13787676786808,51.293719507525154,-13.887308501681607
2002-08-24,28.435057191417854,62.48628137850509,51.871902361442736,-14.875240574310444
2002-08-25,29.9257728607118,63.6473663148355,49.921594149793286,-13.451347265950742
2002-08-26,27.577241994245657,64.52587384462102,50.14796267847631,-12.945815655295158
2002-08-27,29.10351371620962,63.21252263850746,52.76615409489464,-13.85775012956618
2002-08-28,29.108099782643144,63.001512534346745,52.77812175071343,-13.593318585962933
2002-08-29,28.98160848370948,62.71137440448335,52.338418805425206,-14.689336747518201
2002-08-30,28.92725077140581,63.1008437776253,52.38084830220784,-15.693314258349492
2002-08-31,29.82356463548203,63.218936755063034,53.72151885069263,-16.13013853523309
2002-09-01,28.857347408251712,63.18346600651688,52.34273327269707,-16.77638699472854
2002-09-02,30.039941000841285,62.86051035848354,50.646737760174446,-16.214478241949287
2002-09-03,31.586322679332046,62.94458977526983,49.69465232409465,-15.70296328619192
2002-09-04,33.254249421628415,63.27462338738081,49.728680347495306,-14.914533165393157
2002-09-05,33.93320664072074,63.25255502605131,49.62814162846294,-14.804686394494038
2002-09-06,34.01082935618247,62.270506338834565,49.129275359863314,-14.113684504509628
2002-09-07,34.10269737290851,62.52808240505763,47.360785800033305,-12.50855231746575
2002-09-08,34.66229746317223,62.80035731981565,47.31283827442845,-13.155017216218008
2002-09-09,36.55784466590134,63.521827519606674,48.69400197879138,-13.165556433106222
2002-09-10,36.71673459257211,63.440174147687436,48.57470563708261,-11.351168543645588
2002-09-11,35.13253317434938,63.11543761550274,47.85794926407152,-10.636531429429592
2002-09-12,35.1848254285919,62.33895240317292,48.65048839595821,-9.474188644125805
2002-09-13,34.92646218728688,60.85184029200467,49.53646702302238,-8.937662446378578
2002-09-14,34.87803544189148,60.73098199592888,49.502012557449966,-9.768397151274925
2002-09-15,34.08713277737904,60.81418307059962,49.66440538607151,-10.054172024118044
2002-09-16,32.666603361776815,61.17684638622892,48.063559190431484,-9.654591131295508
2002-09-17,32.30765144328556,60.821722140365424,48.47424191344827,-10.356247822951648
2002-09-18,33.48287874411547,58.38066904615906,49.478582408825716,-10.011557916954395
2002-09-19,34.040570270843546,58.99941402996505,49.46215540907692,-9.947285680204121
2002-09-20,34.13087440979397,56.904480171999744,49.17397670190825,-11.338923213455367
2002-09-21,35.44761268188296,56.546518523043346,50.51175652748296,-12.608021709892855
2002-09-22,34.77486400935552,55.64721715440773,52.08788224555957,-11.798456998235604
2002-09-23,32.690059067483034,56.053827416025975,50.97270964971686,-11.66429811506664
2002-09-24,33.08679100031916,55.501000196501415,52.289923840448836,-14.243131081547876
2002-09-25,34.33079584609348,56.057685409701975,52.683364486318006,-15.425277567407184
2002-09-26,33.54020288792281,55.13251176880824,51.33283031231381,-17.571629684750974
